<?xml version="1.0"?>
<Interface Version="1" Minor="1">
	<Ifc Id="ROOT" Top="1">
		<Bus Id="cplumn">
			<Port Id="1" Dir="IN"/>
			<Port Id="2" Dir="IN"/>
			<Port Id="3" Dir="IN"/>
		</Bus>
		<Bus Id="com">
			<Port Id="0" Dir="OUT"/>
			<Port Id="1" Dir="OUT"/>
			<Port Id="2" Dir="OUT"/>
			<Port Id="3" Dir="OUT"/>
		</Bus>
		<Bus Id="outR">
			<Port Id="0" Dir="OUT"/>
			<Port Id="1" Dir="OUT"/>
			<Port Id="2" Dir="OUT"/>
			<Port Id="3" Dir="OUT"/>
		</Bus>
		<Port Id="Clk" Dir="IN"/>
		<Port Id="PB" Dir="IN"/>
		<Port Id="A" Dir="OUT"/>
		<Port Id="B" Dir="OUT"/>
		<Port Id="C" Dir="OUT"/>
		<Port Id="D" Dir="OUT"/>
		<Port Id="E" Dir="OUT"/>
		<Port Id="F" Dir="OUT"/>
		<Port Id="G" Dir="OUT"/>
		<Port Id="P" Dir="OUT"/>
	</Ifc>
</Interface>

